{
  "project_info": {
    "project_number": "429660029732",
    "project_id": "madapp-20182",
    "storage_bucket": "madapp-20182.appspot.com"
  },
  "client": [
    {
      "client_info": {
        "mobilesdk_app_id": "1:429660029732:android:c3b0f7b7d4af67472d69b1",
        "android_client_info": {
          "package_name": "com.example.madapp"
        }
      },
      "oauth_client": [],
      "api_key": [
        {
          "current_key": "AIzaSyBitC0IVq-YPqMYqJh7vXzT0AtRBUdxneg"
        }
      ],
      "services": {
        "appinvite_service": {
          "other_platform_oauth_client": []
        }
      }
    }
  ],
  "configuration_version": "1"
}